gender,hipFracture,spineFracture,otherAdultFracture,fractureAge,fracturedBones,priorDexaScan,lastDexaScanDetails,fragilityFractureAfter45,youngLowTraumaFracture,menopauseStatus,currentlyInMenopause,menopauseType,ovariesRemoved,ageAtMenopause,premenopausalAmenorrhea,menopausalStage,parentHipFracture,familyHistoryOsteoporosis,familyHistoryHipFracture,currentSmoker,excessiveAlcoholIntake,historyOfFalls,everSmoked,eatingDisorder,highCalciumDiet,calciumSupplements,vitaminDSupplements,longTermSteroids,takenEstrogen,osteoporosisMedications,ssriUse,ppiUse,glucocorticoidUse,hormoneTherapy,rheumatoidArthritis,primaryHyperparathyroidism,hyperthyroidism,delayedPuberty,crohnsOrCeliac,kidneyDiseaseOrDialysis,hivAids,copd,depression,diabetes,recentWeightLoss,recentHeightLoss,spineSurgery,hipSurgery,gastricSurgery,currentlyPregnant,llm_data,llm_prediction,input_weight,total_weight
Female,Yes,Yes,No,,,No,,Yes,Yes,Yes,No,Yes,No,49,Yes,POST-menopausal,No,No,No,No,Yes,No,Yes,Yes,No,No,No,Yes,Yes,Yes,No,No,No,Yes,Yes,Yes,No,No,Yes,,No,No,Yes,No,Yes,Yes,Yes,No,No,No,"
    The patient has reported a history of hip fracture Yes, spine fracture Yes, and other adult fractures No, with the fracture occurring at the age of . The specific bone that was fractured was the . A DEXA scan has previously been performed No, with the most recent scan details noted as . The patient has experienced a fragility fracture after age 45 Yes and a low-trauma fracture at a younger age Yes. In terms of reproductive history, the patient is currently in menopause No, which began at the age of 49, and is classified as Yes menopause. The ovaries have been removed No. There is a family history of osteoporosis No and a parental history of hip fracture No. The patient's smoking status is currently No, with a history of smoking described as Yes. Alcohol intake is noted as excessive: Yes, and there is a history of falls No. The patient also has a history of Yes. Nutritional intake includes a high-calcium diet No, along with the use of calcium supplements No and vitamin D supplements No. Medically, the patient has a history of long-term steroid use Yes, estrogen therapy Yes, and has taken osteoporosis medications Yes. The SSRI usage for the patient is No and PPI usage is No. Relevant medical conditions include rheumatoid arthritis Yes, hyperthyroidism No, Crohn’s or celiac disease Yes, kidney disease or dialysis None, COPD No, HIV/AIDS No, depression Yes, and diabetes No. The patient has recently experienced weight loss Yes and height loss Yes, and has undergone spine surgery Yes or hip surgery No or gastric surgery No. Lastly, it is noted whether the patient is currently pregnant No.
","
    The patient has reported a history of hip fracture Yes, spine fracture Yes, and other adult fractures No, with the fracture occurring at the age of . The specific bone that was fractured was the . A DEXA scan has previously been performed No, with the most recent scan details noted as . The patient has experienced a fragility fracture after age 45 Yes and a low-trauma fracture at a younger age Yes. In terms of reproductive history, the patient is currently in menopause No, which began at the age of 49, and is classified as Yes menopause. The ovaries have been removed No. There is a family history of osteoporosis No and a parental history of hip fracture No. The patient's smoking status is currently No, with a history of smoking described as Yes. Alcohol intake is noted as excessive: Yes, and there is a history of falls No. The patient also has a history of Yes. Nutritional intake includes a high-calcium diet No, along with the use of calcium supplements No and vitamin D supplements No. Medically, the patient has a history of long-term steroid use Yes, estrogen therapy Yes, and has taken osteoporosis medications Yes. The SSRI usage for the patient is No and PPI usage is No. Relevant medical conditions include rheumatoid arthritis Yes, hyperthyroidism No, Crohn’s or celiac disease Yes, kidney disease or dialysis None, COPD No, HIV/AIDS No, depression Yes, and diabetes No. The patient has recently experienced weight loss Yes and height loss Yes, and has undergone spine surgery Yes or hip surgery No or gastric surgery No. Lastly, it is noted whether the patient is currently pregnant No.
 The patient is at 52.17% risk of osteoporosis",18.0,34.5
