gender,hipFracture,spineFracture,otherAdultFracture,fractureAge,fracturedBones,priorDexaScan,lastDexaScanDetails,fragilityFractureAfter45,youngLowTraumaFracture,menopauseStatus,currentlyInMenopause,menopauseType,ovariesRemoved,ageAtMenopause,premenopausalAmenorrhea,menopausalStage,parentHipFracture,familyHistoryOsteoporosis,familyHistoryHipFracture,currentSmoker,excessiveAlcoholIntake,historyOfFalls,everSmoked,eatingDisorder,highCalciumDiet,calciumSupplements,vitaminDSupplements,longTermSteroids,takenEstrogen,osteoporosisMedications,ssriUse,ppiUse,glucocorticoidUse,hormoneTherapy,rheumatoidArthritis,primaryHyperparathyroidism,hyperthyroidism,delayedPuberty,crohnsOrCeliac,kidneyDiseaseOrDialysis,hivAids,copd,depression,diabetes,recentWeightLoss,recentHeightLoss,spineSurgery,hipSurgery,gastricSurgery,currentlyPregnant,llm_data,llm_prediction,input_weight,total_weight
Male,No,Yes,No,51,"Wrist (Distal Radius), Ribs",Yes,2017 at General Hospital,No,Yes,,,,,,,,No,Yes,No,No,No,No,No,No,No,Yes,Yes,No,,No,No,No,No,No,No,No,No,No,Yes,No,No,No,No,No,No,Yes,No,No,No,,"
    The patient has reported a history of hip fracture No, spine fracture Yes, and other adult fractures No, with the fracture occurring at the age of 51. The specific bone that was fractured was the Wrist (Distal Radius), Ribs. A DEXA scan has previously been performed Yes, with the most recent scan details noted as 2017 at General Hospital. The patient has experienced a fragility fracture after age 45 No and a low-trauma fracture at a younger age Yes. In terms of reproductive history, the patient is currently in menopause , which began at the age of , and is classified as  menopause. The ovaries have been removed . There is a family history of osteoporosis Yes and a parental history of hip fracture No. The patient's smoking status is currently No, with a history of smoking described as No. Alcohol intake is noted as excessive: No, and there is a history of falls No. The patient also has a history of No. Nutritional intake includes a high-calcium diet No, along with the use of calcium supplements Yes and vitamin D supplements Yes. Medically, the patient has a history of long-term steroid use No, estrogen therapy , and has taken osteoporosis medications No. The SSRI usage for the patient is No and PPI usage is No. Relevant medical conditions include rheumatoid arthritis No, hyperthyroidism No, Crohn’s or celiac disease Yes, kidney disease or dialysis No, COPD No, HIV/AIDS No, depression No, and diabetes No. The patient has recently experienced weight loss No and height loss Yes, and has undergone spine surgery No or hip surgery No or gastric surgery No. Lastly, it is noted whether the patient is currently pregnant .
","
    The patient has reported a history of hip fracture No, spine fracture Yes, and other adult fractures No, with the fracture occurring at the age of 51. The specific bone that was fractured was the Wrist (Distal Radius), Ribs. A DEXA scan has previously been performed Yes, with the most recent scan details noted as 2017 at General Hospital. The patient has experienced a fragility fracture after age 45 No and a low-trauma fracture at a younger age Yes. In terms of reproductive history, the patient is currently in menopause , which began at the age of , and is classified as  menopause. The ovaries have been removed . There is a family history of osteoporosis Yes and a parental history of hip fracture No. The patient's smoking status is currently No, with a history of smoking described as No. Alcohol intake is noted as excessive: No, and there is a history of falls No. The patient also has a history of No. Nutritional intake includes a high-calcium diet No, along with the use of calcium supplements Yes and vitamin D supplements Yes. Medically, the patient has a history of long-term steroid use No, estrogen therapy , and has taken osteoporosis medications No. The SSRI usage for the patient is No and PPI usage is No. Relevant medical conditions include rheumatoid arthritis No, hyperthyroidism No, Crohn’s or celiac disease Yes, kidney disease or dialysis No, COPD No, HIV/AIDS No, depression No, and diabetes No. The patient has recently experienced weight loss No and height loss Yes, and has undergone spine surgery No or hip surgery No or gastric surgery No. Lastly, it is noted whether the patient is currently pregnant .
 The patient is at 28.33% risk of osteoporosis",8.5,30.0
