gender,hipFracture,spineFracture,otherAdultFracture,fractureAge,fracturedBones,priorDexaScan,lastDexaScanDetails,fragilityFractureAfter45,youngLowTraumaFracture,menopauseStatus,currentlyInMenopause,menopauseType,ovariesRemoved,ageAtMenopause,premenopausalAmenorrhea,menopausalStage,parentHipFracture,familyHistoryOsteoporosis,familyHistoryHipFracture,currentSmoker,excessiveAlcoholIntake,historyOfFalls,everSmoked,eatingDisorder,highCalciumDiet,calciumSupplements,vitaminDSupplements,longTermSteroids,takenEstrogen,osteoporosisMedications,ssriUse,ppiUse,glucocorticoidUse,hormoneTherapy,rheumatoidArthritis,primaryHyperparathyroidism,hyperthyroidism,delayedPuberty,crohnsOrCeliac,kidneyDiseaseOrDialysis,hivAids,copd,depression,diabetes,recentWeightLoss,recentHeightLoss,spineSurgery,hipSurgery,gastricSurgery,currentlyPregnant,llm_data,llm_prediction,input_weight,total_weight
Female,Yes,Yes,No,,,No,,Yes,No,Yes,No,Yes,No,54,,POST-menopausal,Yes,Yes,Yes,No,No,No,No,No,No,Yes,Yes,No,No,No,No,Yes,Yes,No,Yes,No,No,No,No,No,No,Yes,No,No,No,No,Yes,No,Yes,No,"
    The patient has reported a history of hip fracture Yes, spine fracture Yes, and other adult fractures No, with the fracture occurring at the age of . The specific bone that was fractured was the . A DEXA scan has previously been performed No, with the most recent scan details noted as . The patient has experienced a fragility fracture after age 45 Yes and a low-trauma fracture at a younger age No. In terms of reproductive history, the patient is currently in menopause No, which began at the age of 54, and is classified as Yes menopause. The ovaries have been removed No. There is a family history of osteoporosis Yes and a parental history of hip fracture Yes. The patient's smoking status is currently No, with a history of smoking described as No. Alcohol intake is noted as excessive: No, and there is a history of falls No. The patient also has a history of No. Nutritional intake includes a high-calcium diet No, along with the use of calcium supplements Yes and vitamin D supplements Yes. Medically, the patient has a history of long-term steroid use No, estrogen therapy No, and has taken osteoporosis medications No. The SSRI usage for the patient is No and PPI usage is Yes. Relevant medical conditions include rheumatoid arthritis Yes, hyperthyroidism No, Crohn’s or celiac disease No, kidney disease or dialysis No, COPD Yes, HIV/AIDS No, depression No, and diabetes No. The patient has recently experienced weight loss No and height loss No, and has undergone spine surgery Yes or hip surgery No or gastric surgery Yes. Lastly, it is noted whether the patient is currently pregnant No.
","
    The patient has reported a history of hip fracture Yes, spine fracture Yes, and other adult fractures No, with the fracture occurring at the age of . The specific bone that was fractured was the . A DEXA scan has previously been performed No, with the most recent scan details noted as . The patient has experienced a fragility fracture after age 45 Yes and a low-trauma fracture at a younger age No. In terms of reproductive history, the patient is currently in menopause No, which began at the age of 54, and is classified as Yes menopause. The ovaries have been removed No. There is a family history of osteoporosis Yes and a parental history of hip fracture Yes. The patient's smoking status is currently No, with a history of smoking described as No. Alcohol intake is noted as excessive: No, and there is a history of falls No. The patient also has a history of No. Nutritional intake includes a high-calcium diet No, along with the use of calcium supplements Yes and vitamin D supplements Yes. Medically, the patient has a history of long-term steroid use No, estrogen therapy No, and has taken osteoporosis medications No. The SSRI usage for the patient is No and PPI usage is Yes. Relevant medical conditions include rheumatoid arthritis Yes, hyperthyroidism No, Crohn’s or celiac disease No, kidney disease or dialysis No, COPD Yes, HIV/AIDS No, depression No, and diabetes No. The patient has recently experienced weight loss No and height loss No, and has undergone spine surgery Yes or hip surgery No or gastric surgery Yes. Lastly, it is noted whether the patient is currently pregnant No.
 The patient is at 42.03% risk of osteoporosis",14.5,34.5
